[
    {
        "page_number": 1,
        "sentences": [
            "see discussions stats author profiles publication",
            "implementing machine learning techniques customer retention churn prediction telecommunications",
            "article · august 2024",
            "doi 1051594csitrjv5i81489",
            "citations 11",
            "reads 243",
            "5 authors including",
            "angela omozele abhulimen",
            "northumbria university",
            "35 publications 216 citations",
            "see profile",
            "content following page uploaded angela omozele abhulimen 08 september 2024",
            "user requested enhancement downloaded file"
        ]
    },
    {
        "page_number": 2,
        "sentences": [
            "computer science research journal volume 5 issue 8 august 2024",
            "adeniran efunniyi osundare abhulimen p 20112025 page 2011",
            "implementing machine learning techniques customer retention",
            "churn prediction telecommunications",
            "ibrahim adedeji adeniran 1 christianah pelumi efunniyi 2 olajide soji osundare 3",
            "angela omozele abhulimen 4",
            "1 international association computer analysts researchers abuja nigeria",
            "2 oneadvanced uk",
            "3 nigeria interbank settlement system plc nibss nigeria",
            "4 independent researcher uk",
            "corresponding author ibrahim adedeji adeniran corresponding author email obragado1989gmailcom article received 050424 accepted 290624 published 310824",
            "licensing details author retains right article",
            "article distributed terms creative commons attributionnoncommercial 40 license",
            "permits noncommercial use reproduction distribution work without permission provided original work attributed specified journal open access page",
            "abstract",
            "review paper explores application machine learning techniques predicting customer churn enhancing customer retention within telecommunications industry",
            "paper begins discussing significance customer churn causes limitations traditional churn prediction methods",
            "delves machine learning algorithms including decision trees support vector machines ensemble methods",
            "highlights effectiveness handling large complex datasets typical telecom sector",
            "discussion extends challenges faced data quality model selection implementation ethical considerations using customer data predictive analytics",
            "paper also compares machine learning models traditional methods emphasizing advantages scalability accuracy realtime processing",
            "furthermore identifies potential innovations improved data integration interpretable",
            "open access",
            "computer science research journal pissn 27090043 eissn 27090051",
            "volume 5 issue 8 p20112025 august 2024 doi 1051594csitrjv5i81489 fair east publishers journal homepage"
        ]
    },
    {
        "page_number": 3,
        "sentences": [
            "computer science research journal volume 5 issue 8 august 2024",
            "adeniran efunniyi osundare abhulimen p 20112025 page 2012",
            "models personalized retention strategies",
            "finally paper reflects future trends predicting growing role ai machine learning telecommunications particularly customer service automation network optimization",
            "review underscores importance adopting machine learning reduce churn improve customer retention considering fields ethical implications future opportunities",
            "keywords customer churn prediction machine learning telecommunications customer",
            "retention predictive analytics ai telecom",
            "",
            "introduction",
            "overview customer retention churn telecommunications customer retention critical business strategy telecommunications industry companies strive maintain stable loyal customer base",
            "customer churn process customers stop using companys services switch competitor poses significant threat profitability market share rane achari choudhary 2023",
            "high churn rates lead increased costs associated acquiring new customers loss revenue existing customers",
            "competitive environment cost acquiring new customers often exceeds cost retaining existing ones telecom companies must prioritize strategies minimize churn enhance customer loyalty hammah 2020",
            "customer churn occur due various factors including dissatisfaction service quality pricing customer service availability better offers competitors",
            "impact churn limited lost revenue also affects brand reputation market positioning",
            "consequently understanding predicting customer churn become top priority telecom companies allowing retain customers improve overall business performance proactively bhattacharyya dash 2021 lappeman franco warner sierrarubia 2022",
            "addressing customer churn crucial telecom companies several reasons",
            "first telecommunications market highly saturated numerous service providers offering similar products services",
            "saturation makes easy customers switch providers unsatisfied current service increasing risk churn",
            "second cost acquiring new customer often much higher cost retaining existing one",
            "due significant marketing promotional operational expenses attracting new customers",
            "result retaining customers lead substantial cost savings higher profitability saleh saha 2023",
            "high customer churn rates also negatively impact companys financial stability growth prospects",
            "customers leave revenue lost disrupting cash flow financial planning",
            "loss particularly damaging telecommunications industry companies often operate thin margins",
            "furthermore high churn rates erode customer trust brand loyalty making even challenging retain attract new customers melian dumitrache stancu nastu 2022",
            "moreover regulatory pressures increased competition telecom sector forced companies focus customercentric strategies",
            "governments regulatory bodies often impose strict guidelines service quality pricing making imperative telecom companies meet customer expectations consistently",
            "failure"
        ]
    },
    {
        "page_number": 4,
        "sentences": [
            "computer science research journal volume 5 issue 8 august 2024",
            "adeniran efunniyi osundare abhulimen p 20112025 page 2013"
        ]
    },
    {
        "page_number": 5,
        "sentences": [
            "computer science research journal volume 5 issue 8 august 2024",
            "adeniran efunniyi osundare abhulimen p 20112025 page 2014",
            "prediction enabling telecom companies make datadriven decisions implement targeted retention strategies",
            "exploring implementation machine learning techniques context paper aims contribute ongoing efforts improve customer retention ensure longterm success telecom companies",
            "background literature review",
            "overview customer churn customer churn customer attrition refers phenomenon customers discontinue using companys products services time",
            "telecommunications industry churn critical metric directly impacts companys revenue market share longterm sustainability",
            "churn voluntary customer actively chooses leave due dissatisfaction better offers competitors involuntary customers lost due factors like payment failures relocation areas outside service coverage bhattacharyya dash 2021",
            "causes customer churn telecommunications varied complex",
            "one primary causes dissatisfaction service quality including frequent call drops poor network coverage slow internet speeds",
            "additionally pricing plays significant role customers often seeking costeffective plans switching providers offering better value",
            "customer service quality another critical factor customers experience poor customer support likely leave competitor offers responsive helpful service rane et al 2023 saleh saha 2023",
            "implications customer churn extend beyond immediate revenue loss",
            "high churn rates indicate underlying issues service quality pricing strategies customer engagement signaling deeper operational inefficiencies uner guven cavusgil 2020",
            "moreover churn lead increased customer acquisition costs companies must spend marketing promotional efforts replace lost customers",
            "time erode profit margins negatively impact companys brand reputation",
            "furthermore high churn rates create negative feedback loop loss customers leads reduced investment service improvements driving churn bhattacharyya dash 2021 borah prakhya sharma 2020",
            "review traditional methods churn prediction customer retention advent advanced machine learning techniques telecommunications companies relied traditional statistical methods business rules predict customer churn develop retention strategies",
            "one common approach involved analyzing historical data identify trends patterns indicating customers likelihood churning",
            "logistic regression decision trees survival analysis commonly used model customer behavior predict churn",
            "logistic regression instance statistical method estimates probability binary outcome whether customer churn stay",
            "uses various customer attributes age contract length usage patterns predictors",
            "decision trees hand split data subsets based value input variables making easier identify segments customers higher likelihood churn",
            "survival analysis often used medical research adapted estimate time customer would churn allowing companies intervene critical moment routh roy meyer 2021"
        ]
    },
    {
        "page_number": 6,
        "sentences": [
            "computer science research journal volume 5 issue 8 august 2024",
            "adeniran efunniyi osundare abhulimen p 20112025 page 2015"
        ]
    },
    {
        "page_number": 7,
        "sentences": [
            "computer science research journal volume 5 issue 8 august 2024",
            "adeniran efunniyi osundare abhulimen p 20112025 page 2016",
            "strategies enhance customer satisfaction retention bharadiya 2023 hassan mhmood 2021",
            "summary recent research trends machine learning churn prediction recent research machine learning churn prediction focused improving model accuracy interpretability scalability",
            "one key trend integration deep learning techniques neural networks model complex nonlinear relationships process unstructured data text images",
            "example recurrent neural networks rnns used analyze sequential customer data call logs browsing history predict churn accurately wu et al 2022",
            "another trend hybrid models combine traditional statistical methods machine learning techniques",
            "models leverage strengths approaches using machine learning capture nonlinear patterns retaining interpretability simplicity traditional methods",
            "instance hybrid model might use logistic regression ease interpretation neural network capture complex interactions variables sansana et al 2021",
            "explainable ai xai also become recent research focus addressing challenge interpretability machine learning models",
            "telecom companies often require transparent models explain particular customer likely churn",
            "techniques shap shapley additive explanations lime local interpretable modelagnostic explanations developed make machine learning models interpretable enabling businesses understand key drivers churn make informed decisions bramhall horn tieu lohia 2020 wagh et al 2024",
            "finally growing interest realtime churn prediction intervention",
            "advances streaming data processing realtime analytics enabled telecom companies monitor customer behavior continuously predict churn soon risk factors emerge",
            "allows timely interventions targeted offers personalized communication retain customers decide leave hassan mhmood 2021",
            "challenges customer retention churn prediction",
            "datarelated challenges one significant challenges customer retention churn prediction telecommunications industry data availability quality",
            "machine learning models rely heavily large highquality datasets accurate predictions",
            "however obtaining data complex resourceintensive process",
            "data may scattered across different systems stored various formats incomplete making difficult gather comprehensive accurate dataset churn prediction joy hoque uddin chowdhury park 2024",
            "data availability often hurdle telecom companies may access necessary data points required robust churn prediction",
            "companies typically collect data customer interactions usage patterns billing information service complaints critical data customer sentiment social media thirdparty data competitor offers may unavailable difficult integrate",
            "additionally certain customer behaviors strong indicators churn intention switch providers may directly observable available data wagh et al 2024"
        ]
    },
    {
        "page_number": 8,
        "sentences": [
            "computer science research journal volume 5 issue 8 august 2024",
            "adeniran efunniyi osundare abhulimen p 20112025 page 2017",
            "data quality equally critical poorquality data lead inaccurate predictions ineffective retention strategies",
            "issues missing data duplicate records inconsistencies data entry introduce noise bias model reducing accuracy reliability",
            "data preprocessing therefore becomes vital step churn prediction process",
            "involves cleaning data handling missing values normalizing variables transforming categorical data numerical formats machine learning algorithms process",
            "however data preprocessing timeconsuming complex task requires significant expertise resources",
            "errors stage lead faulty models ultimately affecting effectiveness customer retention efforts tamuka sibanda 2020",
            "moreover telecom companies often face challenges obtaining realtime data crucial timely churn prediction intervention",
            "traditional data collection methods may fast enough capture recent customer interactions behaviors leading delays detecting churn risk",
            "lag result missed opportunities retain customers especially competitive market customers easily switch another provider",
            "modelrelated challenges selecting appropriate machine learning algorithm churn prediction another significant challenge",
            "telecommunications industry generates vast amounts data including structured data like customer demographics billing information unstructured data customer support transcripts social media posts",
            "different algorithms better suited different data types choosing wrong model lead suboptimal results",
            "instance decision trees easy interpret work well structured data may perform well deep learning models handling complex unstructured data geiler affeldt nadif 2022",
            "overfitting common problem machine learning models particularly churn prediction",
            "overfitting occurs model learns details noise training data extent negatively impacts performance new unseen data",
            "churn prediction happen model becomes complex capturing genuine patterns indicate churn also irrelevant random fluctuations data",
            "overfitted model may perform exceptionally well historical data fail generalize new data leading inaccurate predictions ineffective retention strategies khoh pang ooi wang poh 2023",
            "addressing overfitting requires careful consideration model development",
            "techniques crossvalidation regularization pruning decision trees help prevent overfitting ensuring model remains general enough apply new data",
            "however striking right balance model complexity generalization often challenging especially dealing highdimensional datasets common telecommunications",
            "interpretability another critical challenge using machine learning models churn prediction",
            "advanced models like neural networks ensemble methods offer high accuracy often operate black boxes making difficult understand arrive predictions",
            "lack transparency problematic telecom decisionmakers need understand factors driving churn develop targeted retention strategies",
            "without clear insights customer likely churn becomes challenging implement effective interventions",
            "furthermore regulatory requirements may demand companies provide"
        ]
    },
    {
        "page_number": 9,
        "sentences": [
            "computer science research journal volume 5 issue 8 august 2024",
            "adeniran efunniyi osundare abhulimen p 20112025 page 2018",
            "explanations automated decisions adding another layer complexity using opaque machine learning models guliyev yerdelen tatoğlu 2021 tékouabou gherghina toulni mata martins 2022",
            "implementation challenges integrating machine learning models existing telecommunications systems poses several implementation challenges",
            "telecom companies often operate legacy systems designed handle demands modern data analytics",
            "systems may lack computational power data storage capacity flexibility needed support machine learning algorithms",
            "result integrating new models existing infrastructure require significant investment hardware software technical expertise",
            "cost considerations major challenge implementing machine learning churn prediction",
            "developing deploying maintaining machine learning models expensive particularly smaller telecom companies limited budgets",
            "costs associated data collection preprocessing model development system integration quickly add",
            "additionally ongoing expenses cloud computing resources data storage need continuous model updates maintain accuracy increase financial burden",
            "companies must carefully evaluate churn prediction initiatives potential return investment roi justify costs morozov mezentseva kolomiiets proskurin 2022",
            "scalability another critical concern especially large telecom companies millions customers generating massive amounts data daily",
            "machine learning models must scalable handle data volume complexity without sacrificing performance",
            "however scaling machine learning models straightforward task",
            "often requires optimizing algorithms parallel processing distributing workloads across multiple servers ensuring system process data realtime",
            "failure address scalability issues lead slow processing times delayed predictions missed opportunities retain customers amajuoyi nwobodo adegbola 2024",
            "furthermore deploying machine learning models production environment introduces additional challenges",
            "models must continuously monitored updated remain accurate customer behaviors market conditions change",
            "requires robust infrastructure model versioning testing deployment team data scientists engineers manage process",
            "without proper maintenance even accurate models quickly become outdated leading decline prediction accuracy effectiveness paleyes urma lawrence 2022",
            "ethical privacy concerns using customer data predictive analytics using customer data predictive analytics churn prediction raises several ethical privacy concerns",
            "telecom companies collect vast amounts personal data including sensitive information call logs browsing history location data payment details",
            "data invaluable building accurate machinelearning models raises questions customer consent data security potential misuse",
            "one primary ethical concerns issue informed consent",
            "customers may always aware extent data collected analyzed used predictive purposes",
            "even consent obtained often"
        ]
    },
    {
        "page_number": 10,
        "sentences": [
            "computer science research journal volume 5 issue 8 august 2024",
            "adeniran efunniyi osundare abhulimen p 20112025 page 2019",
            "lengthy complex terms conditions customers may fully understand",
            "lack transparency lead breach trust customers may feel privacy violated",
            "telecom companies must ensure obtain clear informed consent customers communicate data used way easy understand godinho de matos adjerid 2022",
            "data security another critical concern collection storage vast amounts customer data make telecom companies attractive targets cyberattacks",
            "data breach severe consequences including financial losses legal penalties company reputation damage",
            "protecting customer data requires robust security measures including encryption access controls regular security audits",
            "however implementing measures costly complex especially smaller companies limited resources djenna harous saidouni 2021",
            "also risk bias discrimination machine learning models churn prediction",
            "suppose data used train models biased",
            "case predictions subsequent retention strategies may also biased leading unfair treatment certain customer groups",
            "example model trained historical data reflects past discriminatory practices may perpetuate biases resulting customers unfairly targeted retention efforts ignored altogether",
            "ensuring fairness transparency machine learning models requires careful attention data quality model development testing processes",
            "discussion analysis",
            "analysis effectiveness different machine learning techniques churn prediction effectiveness machine learning techniques churn prediction extensively studied many approaches demonstrating significant advantages traditional methods",
            "among effective techniques supervised learning algorithms logistic regression decision trees support vector machines svm ensemble methods like random forests gradient boosting machines gbm",
            "models particularly wellsuited churn prediction process large datasets multiple features identify complex patterns indicate customers likelihood churning",
            "simple interpretable logistic regression often serves baseline model churn prediction studies",
            "particularly effective relationship predictors outcome linear",
            "however performance limited dealing complex data nonlinear interactions variables present",
            "contrast decision trees provide nuanced approach capturing nonlinear relationships making effective modeling customer behavior",
            "however decision trees prone overfitting especially model complex limit generalizability",
            "support vector machines svm shown effectiveness churn prediction maximizing margin different classes churn vs churn",
            "svms particularly powerful handling highdimensional data many features used predict churn",
            "however computationally intensive especially large datasets typical telecommunications industry",
            "ensemble methods like random forests gradient boosting machines gbm among effective churn prediction",
            "models combine multiple decision trees improve"
        ]
    },
    {
        "page_number": 11,
        "sentences": [
            "computer science research journal volume 5 issue 8 august 2024",
            "adeniran efunniyi osundare abhulimen p 20112025 page 2020",
            "prediction accuracy reduce overfitting",
            "random forests example create multiple decision trees using different subsets data average predictions helps stabilize results make model robust",
            "gbms hand build trees sequentially new tree focuses correcting errors made previous ones",
            "approach often leads higher accuracy cost increased complexity computational resources",
            "deep learning techniques particularly neural networks also explored churn prediction especially scenarios involving unstructured data text customer support interactions social media activity",
            "recurrent neural networks rnns long shortterm memory lstm networks effectively model sequential data crucial understanding customer behavior time",
            "however models often viewed black boxes due lack interpretability making less desirable contexts understanding factors driving churn essential",
            "comparison machine learning models traditional methods comparing machine learning models traditional methods like logistic regression decision trees evident machine learning offers several advantages particularly accuracy scalability",
            "useful traditional methods often fall short capturing complex nonlinear relationships customer data",
            "instance despite easy interpret logistic regression limited linear relationships overly simplistic churn prediction",
            "decision trees traditional method provide flexibility capturing nonlinear relationships",
            "however prone overfitting especially dealing noisy data",
            "contrast ensemble methods random forests gradient boosting machines significantly improve upon decision trees reducing likelihood overfitting increasing prediction accuracy aggregation multiple models",
            "machine learning models also excel handling large complex datasets",
            "telecommunications companies manage vast amounts customer data including usage patterns billing history customer support interactions ability process analyze data efficiently crucial",
            "traditional models often struggle scalability may require extensive manual preprocessing designed handle large volumes data real time",
            "furthermore machine learning models automate feature selection process algorithm identifies relevant features prediction",
            "significant improvement traditional methods often rely domain experts manually select features timeconsuming prone human error",
            "machine learning models also adapt changing customer behaviors providing accurate uptodate predictions",
            "however one key challenges adopting machine learning models traditional methods tradeoff accuracy interpretability",
            "traditional models like logistic regression decision trees interpretable allowing business stakeholders understand factors driving churn easily",
            "interpretability crucial developing targeted retention strategies",
            "contrast offering higher accuracy complex machine learning models often lack transparency making difficult derive actionable insights"
        ]
    },
    {
        "page_number": 12,
        "sentences": [
            "computer science research journal volume 5 issue 8 august 2024",
            "adeniran efunniyi osundare abhulimen p 20112025 page 2021"
        ]
    },
    {
        "page_number": 13,
        "sentences": [
            "computer science research journal volume 5 issue 8 august 2024",
            "adeniran efunniyi osundare abhulimen p 20112025 page 2022",
            "resources efficiently ensure high quality service customers",
            "turn reduce customer churn providing reliable consistent user experience",
            "finally ethical use ai machine learning telecommunications become increasingly important",
            "telecom companies collect analyze customer data must ensure practices comply privacy regulations ethical standards",
            "includes transparent customer data used obtaining informed consent ensuring aidriven decisions perpetuate bias discrimination",
            "conclusion"
        ]
    },
    {
        "page_number": 14,
        "sentences": [
            "computer science research journal volume 5 issue 8 august 2024",
            "adeniran efunniyi osundare abhulimen p 20112025 page 2023"
        ]
    },
    {
        "page_number": 15,
        "sentences": [
            "computer science research journal volume 5 issue 8 august 2024",
            "adeniran efunniyi osundare abhulimen p 20112025 page 2024",
            "hassan mhmood h 2021",
            "optimizing network performance automation",
            "intelligent decisionmaking realtime big data analytics",
            "international journal responsible artificial intelligence 11 8 1222",
            "joy u g hoque k e uddin n chowdhury l park sb",
            "2024",
            "big datadriven",
            "hybrid model enhancing streaming service customer retention churn prediction integrated explainable ai",
            "ieee access",
            "khoh w h pang h ooi wang lyk poh q w 2023",
            "predictive churn",
            "modeling sustainable business telecommunication industry optimized weighted ensemble machine learning",
            "sustainability 15 11 8631",
            "lappeman j franco warner v sierrarubia l 2022",
            "social media sentiment",
            "tells us customers churn",
            "journal consumer marketing 39 5 385403",
            "melian dumitrache stancu nastu",
            "2022",
            "customer churn prediction",
            "telecommunication industry",
            "data analysis techniques approach",
            "postmodern openings 13 1 sup1 78104",
            "mitchell w 2020",
            "proactive predictive analytics within customer lifecycle prevent",
            "customer churn northcentral university",
            "morozov v mezentseva kolomiiets proskurin 2022",
            "predicting customer churn",
            "using machine learning startups",
            "paper presented lecture notes computational intelligence decision making 2021 international scientific conference intellectual systems decisionmaking problems computational intelligence” proceedings",
            "paleyes urma rg lawrence n 2022",
            "challenges deploying machine learning",
            "survey case studies",
            "acm computing surveys 55 6 129",
            "quach thaichon p hewege c 2020",
            "triadic relationship customers service",
            "providers government highly regulated industry",
            "journal retailing consumer services 55 102148",
            "rane n l achari choudhary p 2023",
            "enhancing customer loyalty quality",
            "service effective strategies improve customer satisfaction experience relationship engagement",
            "international research journal modernization engineering technology science 5 5 427452",
            "routh p roy meyer j",
            "2021",
            "estimating customer churn competing risks",
            "journal",
            "operational research society 72 5 11381155",
            "saleh saha 2023",
            "customer retention churn prediction telecommunication",
            "industry case study danish university",
            "sn applied sciences 5 7 173",
            "sansana j joswiak n castillo wang z rendall r chiang l h reis",
            "2021",
            "recent trends hybrid modeling industry 40",
            "computers chemical engineering 151 107365",
            "sharaf addin e h admodisastro n mohd ashri n kamaruddin chong c",
            "2022",
            "customer mobile behavioral segmentation analysis telecom using machine learning",
            "applied artificial intelligence 36 1 2009223"
        ]
    }
]